{
	"credit": "Made with Blockbench",
	"parent": "Splash_Shooter",
	"textures": {
		"0": "items/Splash_Shooter_Tank",
		"1": "items/Splash_Shooter_bou1",
		"2": "items/Splash_Shooter_bou2",
		"3": "items/Splash_Shooter_Trigger",
		"4": "items/Splash_Shooter_detekurutokoro",
		"5": "items/Splash_Shooter_ho-su",
		"particle": "items/Splash_Shooter_Tank"
	},
	"elements": [
		{
			"from": [11, 0, 7],
			"to": [14, 10, 10],
			"faces": {
				"north": {"uv": [0, 0, 3, 10], "texture": "#1"},
				"east": {"uv": [3, 0, 6, 10], "texture": "#1"},
				"south": {"uv": [6, 0, 9, 10], "texture": "#1"},
				"west": {"uv": [9, 0, 12, 10], "texture": "#1"},
				"up": {"uv": [3, 13, 0, 10], "texture": "#1"},
				"down": {"uv": [6, 10, 3, 13], "texture": "#1"}
			}
		},
		{
			"from": [10, 0, 7],
			"to": [12, 4, 10],
			"faces": {
				"north": {"uv": [0, 4, 2, 8], "texture": "#2"},
				"east": {"uv": [0, 0, 3, 4], "texture": "#2"},
				"south": {"uv": [2, 4, 4, 8], "texture": "#2"},
				"west": {"uv": [3, 0, 6, 4], "texture": "#2"},
				"up": {"uv": [6, 7, 4, 4], "texture": "#2"},
				"down": {"uv": [8, 0, 6, 3], "texture": "#2"}
			}
		},
		{
			"from": [2, 8, 4],
			"to": [16, 16, 13],
			"faces": {
				"north": {"uv": [7, 0, 14, 4], "texture": "#0"},
				"east": {"uv": [7, 8, 11.5, 12], "texture": "#0"},
				"south": {"uv": [7, 4, 14, 8], "texture": "#0"},
				"west": {"uv": [0, 9, 4.5, 13], "texture": "#0"},
				"up": {"uv": [7, 4.5, 0, 0], "texture": "#0"},
				"down": {"uv": [7, 4.5, 0, 9], "texture": "#0"}
			}
		},
		{
			"from": [0, 10, 6],
			"to": [2, 13, 10],
			"faces": {
				"north": {"uv": [0, 6, 2, 9], "texture": "#5"},
				"east": {"uv": [0, 0, 4, 3], "texture": "#5"},
				"south": {"uv": [6, 0, 8, 3], "texture": "#5"},
				"west": {"uv": [0, 3, 4, 6], "texture": "#5"},
				"up": {"uv": [6, 4, 4, 0], "texture": "#5"},
				"down": {"uv": [6, 4, 4, 8], "texture": "#5"}
			}
		},
		{
			"from": [-2, 9, 6],
			"to": [0, 14, 11],
			"faces": {
				"north": {"uv": [5, 0, 7, 5], "texture": "#4"},
				"east": {"uv": [0, 0, 5, 5], "texture": "#4"},
				"south": {"uv": [5, 5, 7, 10], "texture": "#4"},
				"west": {"uv": [0, 5, 5, 10], "texture": "#4"},
				"up": {"uv": [9, 5, 7, 0], "texture": "#4"},
				"down": {"uv": [9, 5, 7, 10], "texture": "#4"}
			}
		},
		{
			"from": [8, 6, 7],
			"to": [10, 9, 10],
			"faces": {
				"north": {"uv": [3, 0, 5, 3], "texture": "#3"},
				"east": {"uv": [0, 0, 3, 3], "texture": "#3"},
				"south": {"uv": [3, 3, 5, 6], "texture": "#3"},
				"west": {"uv": [0, 3, 3, 6], "texture": "#3"},
				"up": {"uv": [7, 3, 5, 0], "texture": "#3"},
				"down": {"uv": [7, 3, 5, 6], "texture": "#3"}
			}
		}
	]
}